{"cameraMode":{"drawMode":0,"name":"Shaded","section":"Shading Mode"},"sceneLighting":false,"audioPlay":false,"sceneViewState":{"showFog":true,"showMaterialUpdate":false,"showSkybox":true,"showFlares":true,"showImageEffects":true,"showParticleSystems":true},"in2DMode":false,"pivot":{"x":0.0,"y":0.5099999904632568,"z":-0.05999991297721863},"rotation":{"x":0.41308099031448367,"y":0.024583932012319566,"z":-0.011155897751450539,"w":0.9102940559387207},"size":2.478956937789917,"orthographic":false}