{"cameraMode":{"drawMode":0,"name":"Shaded","section":"Shading Mode"},"sceneLighting":false,"audioPlay":false,"sceneViewState":{"showFog":true,"showMaterialUpdate":false,"showSkybox":true,"showFlares":true,"showImageEffects":true,"showParticleSystems":true},"in2DMode":false,"pivot":{"x":-4.938330173492432,"y":-2.880378246307373,"z":7.521350860595703},"rotation":{"x":-0.10822656750679016,"y":-0.21184363961219788,"z":0.023612529039382936,"w":-0.9710055589675903},"size":13.272528648376465,"orthographic":false}