{"cameraMode":{"drawMode":0,"name":"Shaded","section":"Shading Mode"},"sceneLighting":false,"audioPlay":false,"sceneViewState":{"showFog":true,"showMaterialUpdate":false,"showSkybox":true,"showFlares":true,"showImageEffects":true,"showParticleSystems":true},"in2DMode":false,"pivot":{"x":0.8592681884765625,"y":-0.19763946533203126,"z":-2.231083869934082},"rotation":{"x":0.14645503461360932,"y":0.015149756334722042,"z":-0.0022433490958064796,"w":0.9890987873077393},"size":22.0,"orthographic":false}