{"cameraMode":{"drawMode":0,"name":"Shaded","section":"Shading Mode"},"sceneLighting":false,"audioPlay":false,"sceneViewState":{"showFog":true,"showMaterialUpdate":false,"showSkybox":true,"showFlares":true,"showImageEffects":true,"showParticleSystems":true},"in2DMode":false,"pivot":{"x":0.8592681884765625,"y":-0.19763946533203126,"z":-2.231083869934082},"rotation":{"x":-0.04282352328300476,"y":-0.9537016749382019,"z":0.16469186544418336,"w":-0.24798348546028138},"size":23.334524154663087,"orthographic":false}