{"cameraMode":{"drawMode":0,"name":"Shaded","section":"Shading Mode"},"sceneLighting":false,"audioPlay":false,"sceneViewState":{"showFog":true,"showMaterialUpdate":false,"showSkybox":true,"showFlares":true,"showImageEffects":true,"showParticleSystems":true},"in2DMode":false,"pivot":{"x":0.7734971046447754,"y":0.4864848852157593,"z":0.0452427864074707},"rotation":{"x":-0.01268485002219677,"y":-0.9762183427810669,"z":0.20807421207427979,"w":-0.05951425060629845},"size":4.878957271575928,"orthographic":false}