{"cameraMode":{"drawMode":0,"name":"Shaded","section":"Shading Mode"},"sceneLighting":false,"audioPlay":false,"sceneViewState":{"showFog":true,"showMaterialUpdate":false,"showSkybox":true,"showFlares":true,"showImageEffects":true,"showParticleSystems":true},"in2DMode":false,"pivot":{"x":0.16661643981933595,"y":0.18324780464172364,"z":0.16576451063156129},"rotation":{"x":-0.05363396927714348,"y":-0.7103132009506226,"z":0.05444585531949997,"w":-0.6997244358062744},"size":2.209258556365967,"orthographic":false}