{"cameraMode":{"drawMode":0,"name":"Shaded","section":"Shading Mode"},"sceneLighting":false,"audioPlay":false,"sceneViewState":{"showFog":true,"showMaterialUpdate":false,"showSkybox":true,"showFlares":true,"showImageEffects":true,"showParticleSystems":true},"in2DMode":false,"pivot":{"x":-12.77924633026123,"y":20.285324096679689,"z":-35.47858428955078},"rotation":{"x":-0.11399334669113159,"y":0.7553671598434448,"z":-0.1365250051021576,"w":-0.6307035088539124},"size":27.753128051757814,"orthographic":false}