{"cameraMode":{"drawMode":0,"name":"Shaded","section":"Shading Mode"},"sceneLighting":false,"audioPlay":false,"sceneViewState":{"showFog":true,"showMaterialUpdate":false,"showSkybox":true,"showFlares":true,"showImageEffects":true,"showParticleSystems":true},"in2DMode":false,"pivot":{"x":-0.6099175214767456,"y":0.459867000579834,"z":-0.03346450254321098},"rotation":{"x":-0.03178827837109566,"y":0.968209445476532,"z":-0.17649443447589875,"w":-0.17438407242298127},"size":3.723144769668579,"orthographic":false}