{"cameraMode":{"drawMode":0,"name":"Shaded","section":"Shading Mode"},"sceneLighting":false,"audioPlay":false,"sceneViewState":{"showFog":true,"showMaterialUpdate":false,"showSkybox":true,"showFlares":true,"showImageEffects":true,"showParticleSystems":true},"in2DMode":false,"pivot":{"x":0.03000020980834961,"y":0.3333333134651184,"z":-4.8045854568481449},"rotation":{"x":-0.029465477913618089,"y":0.9398423433303833,"z":-0.3298156261444092,"w":-0.08396370708942414},"size":15.726778984069825,"orthographic":false}