{"cameraMode":{"drawMode":0,"name":"Shaded","section":"Shading Mode"},"sceneLighting":false,"audioPlay":false,"sceneViewState":{"showFog":true,"showMaterialUpdate":false,"showSkybox":true,"showFlares":true,"showImageEffects":true,"showParticleSystems":true},"in2DMode":false,"pivot":{"x":0.0,"y":0.20999997854232789,"z":-0.059999965131282809},"rotation":{"x":0.41564539074897768,"y":-0.03545713052153587,"z":0.01621837355196476,"w":0.9086906313896179},"size":2.778956890106201,"orthographic":false}