{"cameraMode":{"drawMode":0,"name":"Shaded","section":"Shading Mode"},"sceneLighting":false,"audioPlay":false,"sceneViewState":{"showFog":true,"showMaterialUpdate":false,"showSkybox":true,"showFlares":true,"showImageEffects":true,"showParticleSystems":true},"in2DMode":false,"pivot":{"x":-7.939871788024902,"y":-4.552082061767578,"z":19.842653274536134},"rotation":{"x":0.3311258554458618,"y":-0.004246126860380173,"z":0.001490076188929379,"w":0.943575918674469},"size":3.1868510246276857,"orthographic":false}