{"cameraMode":{"drawMode":0,"name":"Shaded","section":"Shading Mode"},"sceneLighting":false,"audioPlay":false,"sceneViewState":{"showFog":true,"showMaterialUpdate":false,"showSkybox":true,"showFlares":true,"showImageEffects":true,"showParticleSystems":true},"in2DMode":false,"pivot":{"x":-0.6078124046325684,"y":0.6789997816085815,"z":-0.1067957878112793},"rotation":{"x":0.41308099031448367,"y":0.024583932012319566,"z":-0.011155897751450539,"w":0.9102940559387207},"size":24.216964721679689,"orthographic":false}