{"cameraMode":{"drawMode":0,"name":"Shaded","section":"Shading Mode"},"sceneLighting":false,"audioPlay":false,"sceneViewState":{"showFog":true,"showMaterialUpdate":false,"showSkybox":true,"showFlares":true,"showImageEffects":true,"showParticleSystems":true},"in2DMode":false,"pivot":{"x":-0.1106763631105423,"y":0.13783198595046998,"z":-0.029471516609191896},"rotation":{"x":0.1464342176914215,"y":0.022255264222621919,"z":-0.003295410191640258,"w":0.9889645576477051},"size":2.4394783973693849,"orthographic":false}