{"cameraMode":{"drawMode":0,"name":"Shaded","section":"Shading Mode"},"sceneLighting":false,"audioPlay":false,"sceneViewState":{"showFog":true,"showMaterialUpdate":false,"showSkybox":true,"showFlares":true,"showImageEffects":true,"showParticleSystems":true},"in2DMode":false,"pivot":{"x":-0.630000114440918,"y":0.550000011920929,"z":-2.7400002479553224},"rotation":{"x":0.3311258554458618,"y":-0.004246126860380173,"z":0.001490076188929379,"w":0.943575918674469},"size":13.624720573425293,"orthographic":false}