{"cameraMode":{"drawMode":0,"name":"Shaded","section":"Shading Mode"},"sceneLighting":false,"audioPlay":false,"sceneViewState":{"showFog":true,"showMaterialUpdate":false,"showSkybox":true,"showFlares":true,"showImageEffects":true,"showParticleSystems":true},"in2DMode":false,"pivot":{"x":7.373092174530029,"y":-0.17846167087554933,"z":-0.3952140808105469},"rotation":{"x":0.3311258554458618,"y":-0.004246126860380173,"z":0.001490076188929379,"w":0.943575918674469},"size":4.386849880218506,"orthographic":false}