{"cameraMode":{"drawMode":0,"name":"Shaded","section":"Shading Mode"},"sceneLighting":false,"audioPlay":false,"sceneViewState":{"showFog":true,"showMaterialUpdate":false,"showSkybox":true,"showFlares":true,"showImageEffects":true,"showParticleSystems":true},"in2DMode":false,"pivot":{"x":-3.673461437225342,"y":0.16767215728759767,"z":3.9602468013763429},"rotation":{"x":-0.26221972703933718,"y":0.17652127146720887,"z":-0.048852916806936267,"w":-0.9474674463272095},"size":33.22783279418945,"orthographic":false}