{"cameraMode":{"drawMode":0,"name":"Shaded","section":"Shading Mode"},"sceneLighting":false,"audioPlay":false,"sceneViewState":{"showFog":true,"showMaterialUpdate":false,"showSkybox":true,"showFlares":true,"showImageEffects":true,"showParticleSystems":true},"in2DMode":false,"pivot":{"x":7.373092174530029,"y":-0.17846167087554933,"z":-0.3952140808105469},"rotation":{"x":0.41564539074897768,"y":-0.03545713052153587,"z":0.01621837355196476,"w":0.9086906313896179},"size":3.186849594116211,"orthographic":false}