{"cameraMode":{"drawMode":0,"name":"Shaded","section":"Shading Mode"},"sceneLighting":true,"audioPlay":false,"sceneViewState":{"showFog":true,"showMaterialUpdate":false,"showSkybox":true,"showFlares":true,"showImageEffects":true,"showParticleSystems":true},"in2DMode":false,"pivot":{"x":7.502361297607422,"y":-2.516847610473633,"z":-0.14768075942993165},"rotation":{"x":0.057853393256664279,"y":0.7864670157432556,"z":-0.6103817224502564,"w":0.07454323768615723},"size":6.928450584411621,"orthographic":false}