{"cameraMode":{"drawMode":0,"name":"Shaded","section":"Shading Mode"},"sceneLighting":true,"audioPlay":false,"sceneViewState":{"showFog":true,"showMaterialUpdate":false,"showSkybox":true,"showFlares":true,"showImageEffects":true,"showParticleSystems":true},"in2DMode":false,"pivot":{"x":-161.7124786376953,"y":-166.8955078125,"z":549.9253540039063},"rotation":{"x":-0.15720365941524507,"y":0.18748612701892854,"z":-0.030412256717681886,"w":-0.9691290855407715},"size":713.7332763671875,"orthographic":false}