{"cameraMode":{"drawMode":0,"name":"Shaded","section":"Shading Mode"},"sceneLighting":false,"audioPlay":false,"sceneViewState":{"showFog":true,"showMaterialUpdate":false,"showSkybox":true,"showFlares":true,"showImageEffects":true,"showParticleSystems":true},"in2DMode":false,"pivot":{"x":5.960464477539063e-8,"y":-99.0,"z":-1.1920928955078126e-7},"rotation":{"x":-0.1101267859339714,"y":-0.25866827368736269,"z":0.029697725549340249,"w":-0.9592085480690002},"size":2.857898712158203,"orthographic":false}