{"cameraMode":{"drawMode":0,"name":"Shaded","section":"Shading Mode"},"sceneLighting":false,"audioPlay":false,"sceneViewState":{"showFog":false,"showMaterialUpdate":false,"showSkybox":false,"showFlares":false,"showImageEffects":false,"showParticleSystems":true},"in2DMode":false,"pivot":{"x":-10.003786087036133,"y":-165.66915893554688,"z":164.60147094726563},"rotation":{"x":-0.20492787659168244,"y":0.008809040300548077,"z":-0.0018448245245963336,"w":-0.9787357449531555},"size":478.1683349609375,"orthographic":false}