{"cameraMode":{"drawMode":0,"name":"Shaded","section":"Shading Mode"},"sceneLighting":false,"audioPlay":false,"sceneViewState":{"showFog":false,"showMaterialUpdate":false,"showSkybox":false,"showFlares":false,"showImageEffects":false,"showParticleSystems":true},"in2DMode":false,"pivot":{"x":-0.8577421307563782,"y":2.4367876052856447,"z":-0.22614669799804688},"rotation":{"x":-0.20492102205753327,"y":-0.011746073141694069,"z":0.0024584203492850067,"w":-0.9787049293518066},"size":4.0578837394714359,"orthographic":false}