{"cameraMode":{"drawMode":0,"name":"Shaded","section":"Shading Mode"},"sceneLighting":false,"audioPlay":false,"sceneViewState":{"showFog":false,"showMaterialUpdate":false,"showSkybox":false,"showFlares":false,"showImageEffects":false,"showParticleSystems":true},"in2DMode":false,"pivot":{"x":-2.2415618896484377,"y":2.0889892578125,"z":-8.42578125},"rotation":{"x":0.018600881099700929,"y":-0.004499326925724745,"z":-0.0000839795102365315,"w":-0.99981689453125},"size":7.523969650268555,"orthographic":true}